feature,healthy_non_null_ratio,defective_non_null_ratio,healthy_mean,defective_mean,healthy_median,defective_median,healthy_std,defective_std,healthy_abs_gt_3_rate,defective_abs_gt_3_rate,healthy_abs_gt_5_rate,defective_abs_gt_5_rate,abs_mean_shift,abs_median_shift,outlier_rate_gap_3,outlier_rate_gap_5
rjg,1.0,1.0,62.58644104003906,249.51536560058594,0.0,238.7604217529297,124.637451171875,98.5040512084961,0.20797662773630357,1.0,0.20797662773630357,1.0,186.92892456054688,238.7604217529297,0.7920233722636965,0.7920233722636965
rjp,1.0,1.0,5.896545886993408,-40.5031852722168,0.0,-41.14735794067383,15.748385429382324,59.790794372558594,0.19593935009937427,0.9757686203045088,0.18887429683055812,0.9391922873434836,46.399731159210205,41.14735794067383,0.7798292702051346,0.7503179905129255
rftj,1.0,1.0,-0.007446284871548414,5.937075138092041,0.0,0.0,1.0,26.601224899291992,0.0008006123982555077,0.09817177120686614,0.0008006123982555077,0.09817177120686614,5.944521422963589,0.0,0.09737115880861064,0.09737115880861064
fzs2,1.0,1.0,-4.934805870056152,-10.769662857055664,0.0,0.0,17.405540466308594,33.7213134765625,0.14335877969815508,0.16677444006819117,0.14199633403796588,0.1605431779436835,5.834856986999512,0.0,0.02341566037003609,0.01854684390571762
2fzs2,1.0,1.0,-4.938484191894531,-10.770472526550293,0.0,-0.16666242480278015,17.40264129638672,33.713741302490234,0.14325343596154252,0.1669037681500206,0.1418277840593858,0.1603785785668097,5.831988334655762,0.16666242480278015,0.023650332188478063,0.018550794507423918
2fysy,1.0,1.0,-1.9447544813156128,-7.463689804077148,0.0,-2.454636335372925,13.566675186157227,27.79964828491211,0.18791918028527083,0.33495973193815765,0.01435483984240577,0.05401210981129857,5.518935322761536,2.454636335372925,0.14704055165288682,0.0396572699688928
fysy,1.0,1.0,-1.8144612312316895,-6.794494152069092,0.0,-2.250007152557373,12.450555801391602,25.503400802612305,0.09292722152383226,0.18555052613015108,0.013778960748923739,0.0527070718946564,4.980032920837402,2.250007152557373,0.09262330460631882,0.03892811114573266
jhdb,1.0,1.0,-1.6764558553695679,-6.1433515548706055,0.0,-0.222421333193779,17.289487838745117,34.43275451660156,0.10151624751564355,0.16047263535359474,0.007254671994718767,0.03637646228910705,4.466895699501038,0.222421333193779,0.058956387837951194,0.029121790294388283
2jhdb,1.0,1.0,-1.6838970184326172,-6.143678188323975,0.0,-0.222421333193779,17.326915740966797,34.43502426147461,0.1021834245141898,0.15959085297748515,0.007324901152460478,0.03647051907589207,4.459781169891357,0.222421333193779,0.05740742846329536,0.029145617923431594
jhdc,1.0,1.0,-1.6313332319259644,-5.9918694496154785,0.0,0.0,17.256122589111328,34.38457107543945,0.09525882956085707,0.15393568867203575,0.007254671994718767,0.03892775263065076,4.360536217689514,0.0,0.058676859111178675,0.03167308063593199
2jhdc,1.0,1.0,-1.6381491422653198,-5.993326187133789,0.0,0.0,17.290267944335938,34.388736724853516,0.09542737953943718,0.15335959085297748,0.007310855320912136,0.03891599553230263,4.355177044868469,0.0,0.0579322113135403,0.03160514021139049
2rysy,1.0,1.0,-1.8481144905090332,-5.762531757354736,0.0,-1.7999610900878906,11.492506980895996,19.486305236816406,0.21829329100856093,0.3387102463112104,0.021595466005576196,0.09103521250955264,3.914417266845703,1.7999610900878906,0.12041695530264945,0.06943974650397644
rysy,1.0,1.0,-1.8754011392593384,-5.726718902587891,0.0,-1.7333043813705444,11.499858856201172,19.50243377685547,0.2181809243561742,0.331032861089883,0.02150416810051197,0.08067720886485215,3.8513177633285522,1.7333043813705444,0.1128519367337088,0.05917304076434018
jhda,1.0,1.0,-1.2627856731414795,-4.970848083496094,0.0,0.10064349323511124,15.448664665222168,30.818222045898438,0.03783244727545983,0.10251014049732526,0.007254671994718767,0.04096173064487684,3.7080624103546143,0.10064349323511124,0.06467769322186544,0.03370705865015807
2jhda,1.0,1.0,-1.2690595388412476,-4.972164154052734,0.0,0.10064349323511124,15.477712631225586,30.823179244995117,0.03798695142249159,0.10249838339897713,0.007303832405137965,0.04107930162835812,3.703104615211487,0.10064349323511124,0.06451143197648554,0.03377546922322015
fzs4,1.0,1.0,-3.6987318992614746,-6.824147701263428,0.0,-0.22221845388412476,13.618454933166504,21.076465606689453,0.14559206691434148,0.16760919405090824,0.14520580654676207,0.16710363882193874,3.125415802001953,0.22221845388412476,0.022017127136566755,0.021897832275176665
2fzs4,1.0,1.0,-3.699568033218384,-6.822424411773682,0.0,-0.22221845388412476,13.619283676147461,21.074928283691406,0.14558504399856734,0.16765622244430076,0.14519176071521375,0.16711539592028687,3.122856378555298,0.22221845388412476,0.02207117844573342,0.021923635205073122
2fzs3,1.0,1.0,-2.360776424407959,-4.969568729400635,0.0,-0.2307710349559784,8.847289085388184,15.044771194458008,0.14122381330280706,0.1598259949444477,0.14010716969471385,0.15882664158485685,2.608792304992676,0.2307710349559784,0.018602181641640653,0.018719471890143002
fzs3,1.0,1.0,-2.3613617420196533,-4.970082759857178,0.0,-0.2307710349559784,8.84780216217041,15.045702934265137,0.14127297371322625,0.15981423784609958,0.14010014677893967,0.15883839868320498,2.6087210178375244,0.2307710349559784,0.018541264132873325,0.018738251904265313
fzs1,1.0,1.0,-2.5378901958465576,-5.06895637512207,0.0,0.09999847412109375,9.006622314453125,16.847240447998047,0.14580275438756662,0.16723296690376815,0.145325196114923,0.16677444006819117,2.5310661792755127,0.09999847412109375,0.02143021251620153,0.021449243953268166
2fzs1,1.0,1.0,-2.5400424003601074,-5.070903778076172,0.0,0.09999847412109375,9.007804870605469,16.842416763305664,0.1457325252298249,0.16692728234671683,0.14519878363098793,0.1665392981012286,2.5308613777160645,0.09999847412109375,0.02119475711689192,0.021340514470240685
ffy2,1.0,1.0,-0.18976107239723206,-2.3747670650482178,0.0,1.0,5.444642066955566,11.734597206115723,0.020907220259707426,0.06847334077949561,0.01329437956050593,0.05934983246134854,2.1850059926509857,1.0,0.04756612051978819,0.04605545290084261
2ffy2,1.0,1.0,-0.1893882006406784,-2.358219623565674,0.0,1.0,5.446784973144531,11.70291519165039,0.020535005723676357,0.06835576979601435,0.01328735664473176,0.05954970313326671,2.1688314229249954,1.0,0.04782076407233799,0.04626234648853495
lysy,1.0,1.0,-1.3383654356002808,-3.3974711894989014,0.0,-1.4864860773086548,3.358452081680298,6.709474563598633,0.1843023786615727,0.31601904649932394,0.14489679825269855,0.1573570042913409,2.0591057538986206,1.4864860773086548,0.13171666783775124,0.01246020603864234
2lysy,1.0,1.0,-1.3174241781234741,-3.345621109008789,0.0,-1.499995470046997,3.278116464614868,6.527341842651367,0.18159153317274265,0.3147610369760743,0.14204549444838507,0.1559579095879137,2.028196930885315,1.499995470046997,0.13316950380333167,0.013912415139528622
lyy,1.0,1.0,0.4521556794643402,1.9457439184188843,0.0,2.4444448947906494,1.4839556217193604,0.9441576600074768,0.14370290257108947,0.15755687496325907,0.0,0.0,1.493588238954544,2.4444448947906494,0.013853972392169595,0.0
ffy4,1.0,1.0,-1.2399643659591675,-2.7265923023223877,0.0,0.0,6.7810163497924805,11.22913646697998,0.07097358681377335,0.09884192581270942,0.02025408909270951,0.052401387337605076,1.4866279363632202,0.0,0.02786833899893608,0.03214729824489557
2ffy4,1.0,1.0,-1.2426679134368896,-2.710116147994995,0.0,0.0,6.781806468963623,11.20362663269043,0.07039068480451714,0.09878314032096878,0.020338364081999565,0.052389630239256954,1.4674482345581055,0.0,0.028392455516451642,0.03205126615725739
2lyy,1.0,1.0,0.455476313829422,1.8951481580734253,0.0,2.4444448947906494,1.479054570198059,1.188446283340454,0.14370290257108947,0.1560402092763506,0.0,0.003068602668861325,1.4396718442440033,2.4444448947906494,0.01233730670526112,0.003068602668861325
2rftj,1.0,1.0,0.009088251739740372,1.3171571493148804,0.0,0.0,1.0,25.200355529785156,0.0010534373661256681,0.18981835283052143,0.0010534373661256681,0.18981835283052143,1.30806889757514,0.0,0.18876491546439575,0.18876491546439575
2fzg3,1.0,1.0,-0.14535151422023773,0.9409949779510498,0.0,0.0998133197426796,0.6949119567871094,1.9538394212722778,0.0,0.18129445652812887,0.0,0.004232555405325965,1.0863464921712875,0.0998133197426796,0.18129445652812887,0.004232555405325965
fzg3,1.0,1.0,-0.14304137229919434,0.9230082631111145,0.0,0.0998133197426796,0.6988045573234558,1.9546797275543213,0.0,0.1763447181235671,0.0,0.004432426077244136,1.0660496354103088,0.0998133197426796,0.1763447181235671,0.004432426077244136
2fhw3,1.0,1.0,-0.09167700260877609,-1.1547201871871948,0.0,-0.4375011622905731,1.799259066581726,4.022665977478027,0.03949687831393838,0.17028981247428135,0.020731647365353146,0.07903121509611429,1.0630431845784187,0.4375011622905731,0.13079293416034296,0.05829956773076114
ffy1,1.0,1.0,-0.29016315937042236,-1.343245506286621,0.0,-0.4998230040073395,2.339806318283081,4.838418006896973,0.009136813422196627,0.03919816589265769,0.008701392644198018,0.03838692610663688,1.0530823469161987,0.4998230040073395,0.030061352470461065,0.029685533462438865
2ffy1,1.0,1.0,-0.29321911931037903,-1.3334978818893433,0.0,-0.4998230040073395,2.339667558670044,4.825711727142334,0.009164905085293312,0.0391158662042208,0.008680323896875505,0.03837516900828875,1.0402787625789642,0.4998230040073395,0.029950961118927488,0.029694845111413248
fhw3,1.0,1.0,-0.13780595362186432,-1.1573129892349243,0.0,-0.5937502384185791,1.809218406677246,3.7416000366210938,0.03953199289280924,0.17028981247428135,0.020773784859998173,0.07712656516371759,1.01950703561306,0.5937502384185791,0.13075781958147212,0.056352780303719416
ffy3,1.0,1.0,-0.4915955364704132,-1.4663026332855225,0.0,0.0,3.0879597663879395,5.698361396789551,0.01637041666959288,0.05530539062959262,0.01578751466033668,0.05438833695843866,0.9747070968151093,0.0,0.03893497395999974,0.03860082229810198
2ffy3,1.0,1.0,-0.4911220967769623,-1.4569742679595947,0.0,0.0,3.0882608890533447,5.680572509765625,0.016377439585367054,0.05537593321968138,0.015752400081465823,0.05442360825348304,0.9658521711826324,0.0,0.038998493634314325,0.03867120817201722
rjpw,1.0,1.0,-0.0875859260559082,-1.0459606647491455,0.0,-0.3077440857887268,1.2847959995269775,2.8250041007995605,0.025535321754886195,0.22039856563400154,0.008244903118876896,0.03396625712774087,0.9583747386932373,0.3077440857887268,0.19486324387911536,0.025721354008863977
ryy,1.0,1.0,0.05171068012714386,0.8925634622573853,0.0,1.0454541444778442,0.718828558921814,0.5651760101318359,0.0,0.0,0.0,0.0,0.8408527821302414,1.0454541444778442,0.0,0.0
fhw2,1.0,1.0,-0.05534736439585686,-0.8863529562950134,0.0,-0.12121227383613586,1.6282013654708862,3.6951425075531006,0.0341664852413425,0.13733466580447945,0.01567514800794994,0.05756275351243313,0.8310055918991566,0.12121227383613586,0.10316818056313695,0.04188760550448319
2fhw2,1.0,1.0,-0.010210763663053513,-0.820578396320343,0.0,-0.05714292451739311,1.536475419998169,3.6301722526550293,0.03069716484890197,0.12143906883781083,0.015014993925177855,0.05710422667685615,0.8103676326572895,0.05714292451739311,0.09074190398890886,0.04208923275167829
2fhw1,1.0,1.0,0.16340816020965576,-0.6349313259124756,0.0,0.0,1.2364892959594727,3.398967742919922,0.03199640426712362,0.07218858385750397,0.0076830698569432055,0.03855152548351067,0.7983394861221313,0.0,0.04019217959038035,0.030868455626567468
2ryy,1.0,1.0,0.05508580431342125,0.8476833701133728,0.0,0.9999989867210388,0.7154082655906677,0.7871870398521423,0.0,0.003068602668861325,0.0,0.003068602668861325,0.7925975657999516,0.9999989867210388,0.003068602668861325,0.003068602668861325
2ftpj,1.0,1.0,0.12059105932712555,0.8465242385864258,0.0,0.8799999952316284,0.6726741194725037,0.6634963750839233,0.0012430560920282884,3.5271295044383044e-05,0.00028091663096684483,0.0,0.7259331792593002,0.8799999952316284,-0.0012077847969839055,-0.00028091663096684483
ftpj,1.0,1.0,0.12067757546901703,0.84591144323349,0.0,0.8799999952316284,0.6728378534317017,0.663049578666687,0.0011868727658349194,5.878549174063841e-05,0.00028091663096684483,0.0,0.725233867764473,0.8799999952316284,-0.001128087274094281,-0.00028091663096684483
zpld,1.0,1.0,-0.24457386136054993,-0.964189887046814,0.0,-0.4440499544143677,3.0867388248443604,5.825015544891357,0.005744745103271977,0.01922285579918876,0.003974970328180854,0.015072600082299688,0.719616025686264,0.4440499544143677,0.013478110695916784,0.011097629754118835
2zpld,1.0,1.0,-0.24709799885749817,-0.9664973020553589,0.0,-0.4440499544143677,3.1056904792785645,5.835720539093018,0.005779859682142832,0.019293398389277527,0.004017107822825881,0.015119628475692199,0.7193993031978607,0.4440499544143677,0.013513538707134695,0.011102520652866318
fhw1,1.0,1.0,0.16531072556972504,-0.5444524884223938,0.0,0.0,1.1255629062652588,2.9920547008514404,0.025345703028983573,0.06030215742754688,0.006236349207463955,0.03743460114043854,0.7097632139921188,0.0,0.034956454398563305,0.031198251932974586
fyy,1.0,1.0,0.2110036015510559,0.8135099411010742,0.0,0.9454545378684998,0.5277059078216553,0.39816975593566895,0.0,0.003068602668861325,0.0,0.0,0.6025063395500183,0.9454545378684998,0.003068602668861325,0.0
2fyy,1.0,1.0,0.21176448464393616,0.810501754283905,0.0,0.9454545378684998,0.5269943475723267,0.39946448802948,0.0,0.0030803597672094526,0.0,0.0,0.5987372696399689,0.9454545378684998,0.0030803597672094526,0.0
rjgw,1.0,1.0,-1.1956671476364136,-1.77975332736969,0.0,-0.06613624840974808,2.211998701095581,2.6212873458862305,0.21013266287897409,0.32950443830462645,0.2079696048205294,0.32938686732114514,0.5840861797332764,0.06613624840974808,0.11937177542565236,0.12141726250061574
2fhw4,1.0,1.0,-0.10336603224277496,-0.641642153263092,0.0,0.09091072529554367,1.7267820835113525,3.5974364280700684,0.03659641409920571,0.07049556169537358,0.018793322611681918,0.04993239668449827,0.5382761210203171,0.09091072529554367,0.03389914759616787,0.03113907407281635
fhw4,1.0,1.0,-0.15322242677211761,-0.6633421182632446,0.0,-0.06250016391277313,1.7734965085983276,3.3985023498535156,0.03716527027691357,0.07120098759626124,0.019341110042067265,0.05021456704485333,0.510119691491127,0.06250016391277313,0.03403571731934767,0.030873457002786066
fry2,1.0,1.0,-0.33366698026657104,-0.8307639956474304,0.0,0.0,1.2504868507385254,3.321751356124878,0.009319409232325077,0.054411851155134916,0.007261694910492939,0.05106107812591852,0.4970970153808594,0.0,0.04509244192280984,0.043799383215425584
2fry2,1.0,1.0,-0.3332460820674896,-0.8227493166923523,0.0,0.0,1.2507673501968384,3.3180088996887207,0.009284294653454222,0.05463523602374934,0.0072687178262671095,0.05094350714243725,0.48950323462486267,0.0,0.04535094137029512,0.04367478931617014
lftj,1.0,1.0,-0.8572170734405518,-1.3214037418365479,0.0,-2.0,1.1369673013687134,1.4733211994171143,7.02291577417112e-06,0.00043501263888072423,0.0,0.00010581388513314913,0.4641866683959961,2.0,0.00042798972310655314,0.00010581388513314913
2fzg4,1.0,1.0,-0.14072264730930328,0.31994760036468506,0.0,0.6248785853385925,1.2292320728302002,1.3859111070632935,0.02520524471350015,0.04454764564105579,0.0,0.0,0.46067024767398834,0.6248785853385925,0.01934240092755564,0.0
2lftj,1.0,1.0,-0.8171654343605042,-1.274986743927002,0.0,-2.0,1.0962746143341064,1.4875469207763672,0.0,0.00081123978602081,0.0,7.054259008876609e-05,0.4578213095664978,2.0,0.00081123978602081,7.054259008876609e-05
fzg4,1.0,1.0,-0.1396670788526535,0.3083032965660095,0.0,0.6248785853385925,1.228856086730957,1.4031262397766113,0.025163107218855126,0.047686790900005875,0.0,0.0,0.447970375418663,0.6248785853385925,0.02252368368115075,0.0
locaz,1.0,1.0,-0.41999852657318115,0.019760938361287117,0.0,-0.38461539149284363,7.985630989074707,7.186091899871826,0.20737265697972485,0.16120157545117864,0.189485290502911,0.14918582093939214,0.43975946493446827,0.38461539149284363,-0.04617108152854621,-0.04029946956351885
qf24,1.0,1.0,0.058435358107089996,0.48018231987953186,0.0,0.0,1.0,2.8545682430267334,0.0034131370662471646,0.027676209511492564,0.0034061141504729935,0.027558638528011287,0.42174696177244186,0.0,0.0242630724452454,0.024152524377538294
2qf24,1.0,1.0,0.05841396003961563,0.4798247814178467,0.0,0.0,1.0,2.8532516956329346,0.0034131370662471646,0.02765269531479631,0.0033990912346988224,0.027523367232966903,0.42141082137823105,0.0,0.024239558248549144,0.02412427599826808
fzg2,1.0,1.0,-0.21042947471141815,-0.5700094699859619,0.0,-0.5918121337890625,0.5945468544960022,0.6312277317047119,0.0,0.0,0.0,0.0,0.35957999527454376,0.5918121337890625,0.0,0.0
ljp,1.0,1.0,0.05523861199617386,-0.3024432063102722,0.0,0.1000000387430191,0.9204267263412476,3.2606372833251953,0.012276056773251118,0.41476691552524836,0.003251610003441229,0.1112809358650285,0.3576818183064461,0.1000000387430191,0.40249085875199725,0.10802932586158727
2fzg2,1.0,1.0,-0.2108965665102005,-0.5661759376525879,0.0,-0.5918121337890625,0.5933538675308228,0.6294295191764832,0.0,0.0,0.0,0.0,0.3552793711423874,0.5918121337890625,0.0,0.0
ljpw,1.0,1.0,-0.17305973172187805,0.1439446210861206,0.0,0.26662763953208923,1.2661428451538086,2.026026964187622,0.028449831801167207,0.022914584680500852,0.007872688582845826,0.00537299394509435,0.31700435280799866,0.26662763953208923,-0.0055352471206663555,-0.002499694637751476
fx,1.0,1.0,0.3975391387939453,0.7075012922286987,0.0,0.6701856255531311,0.9739848971366882,0.8572971224784851,0.03811336390642667,0.02931044618188231,0.0,0.0,0.3099621534347534,0.6701856255531311,-0.008802917724544355,0.0
zjsl,1.0,1.0,-0.12954729795455933,0.17844100296497345,0.0,0.016129033640027046,5.3310441970825195,5.254323482513428,0.20329234291493142,0.1822115101992828,0.14438412540118406,0.1234612897536888,0.3079883009195328,0.016129033640027046,-0.021080832715648617,-0.020922835647495266
jdl,1.0,1.0,-0.27632448077201843,-0.569159984588623,0.0,-0.4664269685745239,1.516953945159912,2.0696849822998047,0.07203404709567318,0.046981364999118216,0.022726155445217746,0.025171947563341367,0.2928355038166046,0.4664269685745239,-0.025052682096554965,0.0024457921181236207
zprd,1.0,1.0,-0.018453389406204224,-0.3042862117290497,0.0,-0.4440499544143677,0.8032187819480896,1.2987277507781982,0.005716653440175292,0.01917582740579625,0.0005196957672886629,0.006960202222091588,0.28583282232284546,0.4440499544143677,0.013459173965620958,0.006440506454802925
2zprd,1.0,1.0,-0.018651749938726425,-0.30413633584976196,0.0,-0.4440499544143677,0.8037680983543396,1.297288179397583,0.005758790934820319,0.019199341602492506,0.0005337415988370052,0.006971959320439715,0.28548458591103554,0.4440499544143677,0.013440550667672187,0.00643821772160271
ctd,1.0,1.0,-0.45358896255493164,-0.7328803539276123,0.0,0.04477611929178238,21.460811614990234,15.655342102050781,0.3047102696097366,0.32710599024160836,0.2647709476020254,0.29178766680383283,0.27929139137268066,0.04477611929178238,0.022395720631871785,0.027016719201807426
fhsw3,1.0,1.0,0.6568570137023926,0.37795791029930115,0.0,-0.27999991178512573,1.9153070449829102,1.8192756175994873,0.1413572487025163,0.12513079771912292,0.11073031301135605,0.056034330727176535,0.27889910340309143,0.27999991178512573,-0.016226450983393398,-0.05469598228417952
2fhsw3,1.0,1.0,0.657487154006958,0.3804780840873718,0.0,-0.27999991178512573,1.9164413213729858,1.8199299573898315,0.1414064091129355,0.1251543119158192,0.11077245050600108,0.056128387513961556,0.2770090699195862,0.27999991178512573,-0.016252097197116316,-0.05464406299203953
zpxd,1.0,1.0,-0.023136330768465996,-0.2964610755443573,0.0,-0.37599945068359375,0.8661672472953796,1.5438729524612427,0.005723676355949463,0.01937569807771442,0.002057714321832138,0.009205808006583976,0.2733247447758913,0.37599945068359375,0.013652021721764955,0.007148093684751838
2zpxd,1.0,1.0,-0.02339644357562065,-0.2965673804283142,0.0,-0.37599945068359375,0.8669039607048035,1.5462934970855713,0.0057517680190461475,0.019422726471106933,0.0021068747322513363,0.009205808006583976,0.27317093685269356,0.37599945068359375,0.013670958452060785,0.00709893327433264
fry1,1.0,1.0,-0.5395722985267639,-0.7877097725868225,0.0,-1.0,0.8775748610496521,2.5126497745513916,0.0058009284294653456,0.035106695667509256,0.0032937474980862555,0.031579566163070956,0.2481374740600586,1.0,0.02930576723804391,0.0282858186649847
2fry1,1.0,1.0,-0.5371856093406677,-0.7763065099716187,0.0,-1.0,0.8747650384902954,2.5134856700897217,0.005913295081852083,0.03494209629063547,0.003209472508796202,0.0315560519663747,0.23912090063095093,1.0,0.02902880120878339,0.028346579457578496
fry4,1.0,1.0,-0.4222992956638336,-0.653448760509491,0.0,0.0,1.3876901865005493,2.8833305835723877,0.01460766481027593,0.04629945329492681,0.01146842145922144,0.043501263888072426,0.23114946484565735,0.0,0.03169178848465088,0.03203284242885099
jdw,1.0,1.0,0.034099478274583817,0.2619275748729706,0.0,1.4642856121063232,2.325733184814453,5.149557590484619,0.1200567451594553,0.3826582799365117,0.02682051534155951,0.12165069660807713,0.22782809659838676,1.4642856121063232,0.2626015347770564,0.09483018126651763
yz,1.0,1.0,0.00024248949193861336,0.2264426052570343,0.0,0.24236759543418884,0.6106901168823242,0.5133237242698669,0.0,0.0,0.0,0.0,0.2262001157650957,0.24236759543418884,0.0,0.0
2yz,1.0,1.0,0.00021263695089146495,0.22640663385391235,0.0,0.24236759543418884,0.61069256067276,0.5133141875267029,0.0,0.0,0.0,0.0,0.2261939969030209,0.24236759543418884,0.0,0.0
2fhsw4,1.0,1.0,0.3818425238132477,0.15727967023849487,0.0,-0.2727273106575012,1.3658337593078613,1.222292184829712,0.09577150241237156,0.07217682675915583,0.0,0.0,0.2245628535747528,0.2727273106575012,-0.023594675653215727,0.0
fhsw4,1.0,1.0,0.3805936872959137,0.15680330991744995,0.0,-0.3030303418636322,1.3645117282867432,1.222486972808838,0.09572234200195237,0.07210628416906707,0.0,0.0,0.22379037737846375,0.3030303418636322,-0.023616057832885298,0.0
2fry4,1.0,1.0,-0.42549169063568115,-0.644010066986084,0.0,0.0,1.383054256439209,2.8844077587127686,0.014432091915921652,0.04641702427840809,0.011419261048802242,0.043407207101287405,0.21851837635040283,0.0,0.03198493236248644,0.031987946052485165
fry3,1.0,1.0,0.06803745776414871,-0.14791390299797058,0.0,0.0,1.0,2.9385910034179688,0.0104079611773216,0.04879195814472988,0.008308109360844435,0.046687437540415024,0.2159513607621193,0.0,0.038383996967408275,0.038379328179570585
fpw2,1.0,1.0,-0.06719739735126495,-0.2790762782096863,0.0,-0.12114686518907547,0.6069422364234924,0.7870746850967407,0.0,0.0,0.0,0.0,0.21187888085842133,0.12114686518907547,0.0,0.0
2fpw2,1.0,1.0,-0.06252679228782654,-0.2739819288253784,0.0,-0.11223006248474121,0.6069732904434204,0.7881097793579102,0.0,0.0,0.0,0.0,0.21145513653755188,0.11223006248474121,0.0,0.0
2fry3,1.0,1.0,0.06559761613607407,-0.1392498016357422,0.0,0.0,1.0,2.9356722831726074,0.010344754935354061,0.048615601669507964,0.0084626135078762,0.04664040914702251,0.20484741777181625,0.0,0.0382708467341539,0.03817779563914631
2fhsw1,1.0,1.0,0.5514212846755981,0.36337703466415405,0.0,0.0,1.5955440998077393,1.3674637079238892,0.12526774866389026,0.0873669978249368,0.0,0.0,0.1880442500114441,0.0,-0.03790075083895346,0.0
fhsw1,1.0,1.0,0.5177040696144104,0.33036884665489197,0.0,-0.032258033752441406,1.5946259498596191,1.3678439855575562,0.12520454242192272,0.0872376697431074,0.0,0.0,0.18733522295951843,0.032258033752441406,-0.03796687267881532,0.0
gtxb,1.0,1.0,0.07582218199968338,0.2606421113014221,0.0,0.11243914812803268,1.0146926641464233,1.12363600730896,0.0,0.0,0.0,0.0,0.18481992930173874,0.11243914812803268,0.0,0.0
fhsw2,1.0,1.0,0.4331666827201843,0.2503952085971832,0.0,-0.09999990463256836,1.6124186515808105,1.2820245027542114,0.11493703956008455,0.06894362471342073,0.0,0.0,0.1827714741230011,0.09999990463256836,-0.04599341484666382,0.0
2fhsw2,1.0,1.0,0.43333569169044495,0.2536519765853882,0.0,-0.09999990463256836,1.6131538152694702,1.2826887369155884,0.11500726871782627,0.06903768150020576,0.0,0.0,0.17968371510505676,0.09999990463256836,-0.04596958721762051,0.0
fsh4,1.0,1.0,0.05676751956343651,0.22908225655555725,0.0,0.3181818127632141,1.7463061809539795,1.9741908311843872,0.07653573610691687,0.12018105931456116,0.0247557781039532,0.02825230733055082,0.17231473699212074,0.3181818127632141,0.04364532320764429,0.003496529226597621
2fsh4,1.0,1.0,0.0569753460586071,0.2285809963941574,0.0,0.3181818127632141,1.7459160089492798,1.9742647409439087,0.0765497819384652,0.12035741578978308,0.024811961430146568,0.028228793133854565,0.1716056503355503,0.3181818127632141,0.043807633851317876,0.0034168317037079968
gsel,1.0,1.0,-0.1216471865773201,-0.2831965684890747,0.0,0.0,2.78183913230896,2.73442006111145,0.13311936849941358,0.13534771618364588,0.07652169027536852,0.08127682088060667,0.1615493819117546,0.0,0.0022283476842323013,0.004755130605238148
fpx,1.0,1.0,-0.022661026567220688,-0.18211451172828674,0.0,0.0,0.9999999403953552,1.1478358507156372,0.0,0.0,0.0,0.0,0.15945348516106606,0.0,0.0,0.0
ias,1.0,1.0,-2.3338072299957275,-2.491163969039917,0.0,0.16261954605579376,5.909121513366699,6.347124099731445,0.1767878587832096,0.20191640703074482,0.1545392616106355,0.17505143730527306,0.15735673904418945,0.16261954605579376,0.025128548247535215,0.020512175694637563
2fsh2,1.0,1.0,-0.0028212368488311768,-0.15471495687961578,0.0,-0.0625,1.2988580465316772,1.3856182098388672,0.04597902957349832,0.08949503262594792,0.0067841366378493025,0.007042501910528481,0.1518937200307846,0.0625,0.0435160030524496,0.0002583652726791787
fsh2,1.0,1.0,-0.003044873010367155,-0.15491043031215668,0.0,-0.0625,1.2990825176239014,1.3854275941848755,0.045908800415756616,0.08945976133090354,0.006812228300945987,0.006995473517135971,0.15186555730178952,0.0625,0.04355096091514692,0.00018324521618998373
fpw1,1.0,1.0,-0.12217294424772263,-0.2661631107330322,0.0,-0.1310681253671646,0.6063381433486938,0.7869850993156433,0.0,0.0,0.0,0.0,0.1439901664853096,0.1310681253671646,0.0,0.0
2fpw1,1.0,1.0,-0.12781284749507904,-0.271040141582489,0.0,-0.13717524707317352,0.606571614742279,0.7881823182106018,0.0,0.0,0.0,0.0,0.14322729408740997,0.13717524707317352,0.0,0.0
nx,1.0,1.0,-0.15475571155548096,-0.2962166965007782,0.0,-0.2813536822795868,0.9114457368850708,0.9606605768203735,0.014951787683210316,0.020257480453823997,0.0007374061562879676,0.0007171829992357886,0.14146098494529724,0.2813536822795868,0.005305692770613681,-2.0223157052178973e-05
mh,1.0,1.0,-0.11452440917491913,-0.2379223108291626,0.0,-0.20381592214107513,0.5679791569709778,0.5933077931404114,0.0,0.0,0.0,0.0,0.12339790165424347,0.20381592214107513,0.0,0.0
2fn4,1.0,1.0,-0.30026760697364807,-0.17957031726837158,0.0,0.2080027312040329,1.1847113370895386,1.3289644718170166,0.007528565709911441,0.007736170713068015,0.0,0.0,0.12069728970527649,0.2080027312040329,0.00020760500315657356,0.0
fn4,1.0,1.0,-0.2999172806739807,-0.18112894892692566,0.0,0.2080027312040329,1.1847355365753174,1.3305858373641968,0.007500474046814757,0.007853741696549291,0.0,0.0,0.11878833174705505,0.2080027312040329,0.0003532676497345344,0.0
dp,1.0,1.0,0.028068583458662033,-0.08297652751207352,0.0,0.0,1.053208351135254,0.8247098922729492,0.014003694053697214,0.00010581388513314913,1.404583154834224e-05,0.0,0.11104511097073555,0.0,-0.013897880168564065,-1.404583154834224e-05
fpw4,1.0,1.0,-0.1202927827835083,-0.2216445654630661,0.0,-0.03528537601232529,0.6044689416885376,0.760563850402832,0.0,0.0,0.0,0.0,0.1013517826795578,0.03528537601232529,0.0,0.0
stw,1.0,1.0,0.17314909398555756,0.07216231524944305,0.0,-0.07112972438335419,2.9305648803710938,2.8343822956085205,0.0856233891186943,0.23215566398212922,0.0552984388058234,0.046981364999118216,0.1009867787361145,0.07112972438335419,0.14653227486343492,-0.008317073806705183
2fpw4,1.0,1.0,-0.11996417492628098,-0.21944601833820343,0.0,-0.0298728346824646,0.6001021265983582,0.7546899914741516,0.0,0.0,0.0,0.0,0.09948184341192245,0.0298728346824646,0.0,0.0
dh,1.0,1.0,-0.08502447605133057,-0.18114729225635529,0.0,-0.16677045822143555,0.5516951084136963,0.5687370896339417,0.0,0.0,0.0,0.0,0.09612281620502472,0.16677045822143555,0.0,0.0
yfhx,1.0,1.0,0.023794328793883324,0.11674562096595764,0.0,0.23378397524356842,0.6627597808837891,0.6520739793777466,0.0,0.0,0.0,0.0,0.09295129217207432,0.23378397524356842,0.0,0.0
aoat,1.0,1.0,-0.09262891858816147,-0.003426765790209174,0.0,0.14418861269950867,0.7056790590286255,0.89825439453125,0.008034215645651762,0.024160837105402386,0.0,0.0,0.0892021527979523,0.14418861269950867,0.016126621459750624,0.0
ljg,1.0,1.0,-0.7367717623710632,-0.6526360511779785,0.0,-0.4483322501182556,1.7915180921554565,2.7172210216522217,0.20102394111987415,0.25853859267532775,0.010162159125225612,0.025030862383163835,0.08413571119308472,0.4483322501182556,0.0575146515554536,0.014868703257938223
tas,1.0,1.0,-0.8036794066429138,-0.8857755661010742,0.0,-0.049868274480104446,1.6720466613769531,1.7577521800994873,0.15097864331313074,0.17279407442243255,0.0,0.0,0.0820961594581604,0.049868274480104446,0.021815431109301814,0.0
zg,1.0,1.0,-0.5318825244903564,-0.6112371683120728,0.0,-0.014204203151166439,1.1400344371795654,1.1909188032150269,0.016651333300559727,0.007877255893245547,0.0,0.0,0.07935464382171631,0.014204203151166439,-0.00877407740731418,0.0
2zg,1.0,1.0,-0.5319337248802185,-0.6112560629844666,0.0,-0.014204203151166439,1.1400612592697144,1.1909352540969849,0.016651333300559727,0.007877255893245547,0.0,0.0,0.07932233810424805,0.014204203151166439,-0.00877407740731418,0.0
gcj,1.0,1.0,0.01109760720282793,-0.06767973303794861,0.0,0.0,1.0090901851654053,0.7966876029968262,0.010436052840418285,1.1757098348127683e-05,0.0,1.1757098348127683e-05,0.07877734024077654,0.0,-0.010424295742070157,1.1757098348127683e-05
fn2,1.0,1.0,-0.35897117853164673,-0.43723931908607483,0.0,-0.07575631886720657,1.1991989612579346,1.2502104043960571,0.004796651473758875,0.005737463993886309,0.0,0.0,0.0782681405544281,0.07575631886720657,0.0009408125201274343,0.0
2fn2,1.0,1.0,-0.3593990206718445,-0.43570566177368164,0.0,-0.07575631886720657,1.1989636421203613,1.2487146854400635,0.004845811884178073,0.005584621715360649,0.0,0.0,0.07630664110183716,0.07575631886720657,0.0007388098311825759,0.0
fs,1.0,1.0,0.15946587920188904,0.22871637344360352,0.0,0.08312487602233887,0.68956059217453,0.7860463261604309,0.0,0.0,0.0,0.0,0.06925049424171448,0.08312487602233887,0.0,0.0
dtg,1.0,1.0,0.3349412679672241,0.4028879702091217,0.0,0.02505156211555004,1.168928623199463,1.402758002281189,0.03592923710065945,0.026994297807301157,0.0055270347142726715,0.016213038622068073,0.06794670224189758,0.02505156211555004,-0.008934939293358292,0.0106860039077954
m,1.0,1.0,-0.664400041103363,-0.7265709638595581,0.0,-0.043859608471393585,1.3463679552078247,1.4091484546661377,0.1501639850833269,0.17173593557110106,0.0,0.0,0.06217092275619507,0.043859608471393585,0.02157195048777416,0.0
fsh1,1.0,1.0,0.20348027348518372,0.2628631591796875,0.0,0.29411765933036804,2.2308268547058105,2.4936599731445312,0.09325027564944413,0.1574863323731703,0.04654086283543202,0.07958379871847628,0.059382885694503784,0.29411765933036804,0.06423605672372618,0.03304293588304426
2fsh1,1.0,1.0,0.20367982983589172,0.26291361451148987,0.0,0.29411765933036804,2.230607748031616,2.4945895671844482,0.0932572985652183,0.1573217329962965,0.04666025240359292,0.07970136970195756,0.059233784675598145,0.29411765933036804,0.0640644344310782,0.03304111729836463
ny,1.0,1.0,-0.008066976442933083,-0.06698551774024963,0.0,-0.2502949833869934,1.186057686805725,1.0525622367858887,0.03065502735425694,0.01948151196284757,0.007914826077490852,0.00385632825818588,0.05891854129731655,0.2502949833869934,-0.011173515391409372,-0.004058497819304972
ds,1.0,1.0,-0.5730621814727783,-0.518269956111908,0.0,0.08036760240793228,1.5143357515335083,1.67633855342865,0.15012184758868186,0.17145376521074598,0.0,0.0,0.05479222536087036,0.08036760240793228,0.021331917622064128,0.0
ttg,1.0,1.0,0.45177242159843445,0.4021277129650116,0.0,0.020181728526949883,1.9487760066986084,1.938442587852478,0.04161779887773806,0.01952854035624008,0.014495298157889193,0.012156839691964023,0.04964470863342285,0.020181728526949883,-0.02208925852149798,-0.00233845846592517
2fn1,1.0,1.0,-0.2926517724990845,-0.24420829117298126,0.0,0.10687221586704254,1.1262791156768799,1.247556209564209,0.005793905513691174,0.007395214860972312,0.0,0.0,0.04844348132610321,0.10687221586704254,0.0016013093472811383,0.0
fn1,1.0,1.0,-0.29247432947158813,-0.24569661915302277,0.0,0.10687221586704254,1.126509189605713,1.2486677169799805,0.005758790934820319,0.007383457762624185,0.0,0.0,0.04677771031856537,0.10687221586704254,0.0016246668278038657,0.0
fpw3,1.0,1.0,-0.19626004993915558,-0.24260307848453522,0.0,-0.01642024517059326,0.6564298272132874,0.8776764273643494,0.0,0.0,0.0,0.0,0.04634302854537964,0.01642024517059326,0.0,0.0
fsh3,1.0,1.0,-0.03662232309579849,0.009373464621603489,0.0,0.2631579041481018,2.073979377746582,2.2978203296661377,0.10256266196599505,0.14752807007230614,0.03176464804657598,0.03375462935747457,0.04599578771740198,0.2631579041481018,0.0449654081063111,0.0019899813108985934
2fsh3,1.0,1.0,-0.03646004572510719,0.009282482787966728,0.0,0.2631579041481018,2.0735983848571777,2.2984321117401123,0.1025977765448659,0.14746928458056552,0.031785716793898494,0.0337663864558227,0.04574252851307392,0.2631579041481018,0.044871508035699614,0.0019806696619242073
2fpw3,1.0,1.0,-0.19720323383808136,-0.24243853986263275,0.0,-0.01647435687482357,0.6570262908935547,0.8790932297706604,0.0,0.0,0.0,0.0,0.04523530602455139,0.01647435687482357,0.0,0.0
tat,1.0,1.0,0.1014741063117981,0.05643560364842415,0.0,-0.12374579906463623,0.5018143653869629,0.397367924451828,0.0,0.0,0.0,0.0,0.04503850266337395,0.12374579906463623,0.0,0.0
hp,1.0,1.0,-0.3667248785495758,-0.4100131392478943,0.0,-0.12435930967330933,0.5922842025756836,0.5671024322509766,0.0,0.0,0.0,0.0,0.04328826069831848,0.12435930967330933,0.0,0.0
sat,1.0,1.0,0.15341098606586456,0.11470293998718262,0.0,-0.09687500447034836,0.5448519587516785,0.45112141966819763,0.0,0.0,0.0,0.0,0.038708046078681946,0.09687500447034836,0.0,0.0
yjwx,1.0,1.0,0.3773666024208069,0.3389729857444763,0.0,0.0,1.0,1.0199617147445679,0.03361869781095715,0.033343130915290106,0.01799973312920058,0.02039856563400153,0.038393616676330566,0.0,-0.0002755668956670454,0.0023988325048009476
2yjwx,1.0,1.0,0.3773643672466278,0.3389755189418793,0.0,0.0,1.0,1.019956350326538,0.03361869781095715,0.033366645111986365,0.0179716414661039,0.020410322732349655,0.038388848304748535,0.0,-0.00025205269897078664,0.002438681266245756
zjwx,1.0,1.0,0.3773788511753082,0.33901238441467285,0.0,0.0,0.9999998807907104,1.0200587511062622,0.03360465197940881,0.033343130915290106,0.01799271021342641,0.0203868085356534,0.038366466760635376,0.0,-0.00026152106411870407,0.002394098322226989
2zjwx,1.0,1.0,0.37737298011779785,0.33901247382164,0.0,0.0,1.0,1.0200575590133667,0.033611674895182984,0.033343130915290106,0.017964618550329724,0.020422079830697784,0.03836050629615784,0.0,-0.0002685439798928782,0.0024574612803680597
lqsy,1.0,1.0,0.32509273290634155,0.363270103931427,0.0,0.0,1.0,1.0317431688308716,0.08058093559283944,0.08700252777614485,0.0,0.0,0.03817737102508545,0.0,0.006421592183305416,0.0
lhsy,1.0,1.0,0.3250280022621155,0.3630395531654358,0.0,0.0,0.9999999403953552,1.0309765338897705,0.08058795850861361,0.08700252777614485,0.0,0.0,0.03801155090332031,0.0,0.006414569267531242,0.0
2lqsy,1.0,1.0,0.3251360058784485,0.3630795478820801,0.0,0.0,1.0,1.0316214561462402,0.08056688976129109,0.08699077067779672,0.0,0.0,0.03794354200363159,0.0,0.006423880916505628,0.0
2lhsy,1.0,1.0,0.3250643014907837,0.36284002661705017,0.0,0.0,1.0,1.030842661857605,0.08056688976129109,0.0869790135794486,0.0,0.0,0.03777572512626648,0.0,0.006412123818157506,0.0
rqsy,1.0,1.0,0.32516545057296753,0.3625452220439911,0.0,0.0,1.0,1.0305235385894775,0.08058795850861361,0.08686144259596731,0.0,0.0,0.03737977147102356,0.0,0.0062734840873537034,0.0
ilsvor,1.0,1.0,-0.08984488248825073,-0.052662160247564316,0.0,0.0,0.5647124648094177,0.5289288759231567,0.0,0.0,0.0,0.0,0.03718272224068642,0.0,0.0,0.0
2rqsy,1.0,1.0,0.3251590430736542,0.36153799295425415,0.0,0.0,1.0,1.0295218229293823,0.08056688976129109,0.08684968549761919,0.0,0.0,0.036378949880599976,0.0,0.006282795736328103,0.0
2fn3,1.0,1.0,-0.3235785663127899,-0.28735068440437317,0.0,0.08849382400512695,1.3239868879318237,1.4385319948196411,0.026483415384399293,0.06406442889894774,0.0,0.0,0.03622788190841675,0.08849382400512695,0.03758101351454845,0.0
hc,1.0,1.0,-0.34825509786605835,-0.38423773646354675,0.0,-0.10229711979627609,0.586573600769043,0.559349536895752,0.0,0.0,0.0,0.0,0.0359826385974884,0.10229711979627609,0.0,0.0
wd,1.0,1.0,0.226341113448143,0.19109824299812317,0.0,-0.012169805355370045,0.6604428887367249,1.0842639207839966,0.002682753825733368,0.019787196519898888,0.002682753825733368,0.019775439421550762,0.035242870450019836,0.012169805355370045,0.01710444269416552,0.017092685595817395
fn3,1.0,1.0,-0.323013037443161,-0.28946757316589355,0.0,0.08849382400512695,1.3239741325378418,1.4402146339416504,0.0263850945635609,0.06710951737111281,0.0,0.0,0.033545464277267456,0.08849382400512695,0.04072442280755191,0.0
rhsy,1.0,1.0,0.32486680150032043,0.3544919490814209,0.0,0.0,1.0,1.0095160007476807,0.08058795850861361,0.08195873258479808,0.0,0.0,0.029625147581100464,0.0,0.0013707740761844667,0.0
yjsl,1.0,1.0,0.18614409863948822,0.15701134502887726,0.0,-0.03870967775583267,1.4712061882019043,1.3736603260040283,0.05779859682142832,0.05295397095996708,0.015099268914467908,0.010675445300099935,0.029132753610610962,0.03870967775583267,-0.004844625861461241,-0.0044238236143679735
2rhsy,1.0,1.0,0.3248669505119324,0.35286661982536316,0.0,0.0,1.0,1.0064780712127686,0.08056688976129109,0.08194697548644994,0.0,0.0,0.027999669313430786,0.0,0.0013800857251588527,0.0
2fyj3,1.0,1.0,-0.20834550261497498,-0.18272657692432404,0.0,0.027027027681469917,0.726249098777771,0.7782561779022217,0.0,0.0,0.0,0.0,0.02561892569065094,0.027027027681469917,0.0,0.0
fyj3,1.0,1.0,-0.20603430271148682,-0.18094931542873383,0.0,0.029810255393385887,0.7282389402389526,0.7803300619125366,0.0,0.0,0.0,0.0,0.02508498728275299,0.029810255393385887,0.0,0.0
nz,1.0,1.0,-0.043006546795368195,-0.06597328931093216,0.0,-0.058676641434431076,0.8942927718162537,0.874329149723053,0.008006123982555078,0.008982423137969549,0.0003862603675794116,0.00017635647522191522,0.022966742515563965,0.058676641434431076,0.0009762991554144711,-0.00020990389235749638
2fyj2,1.0,1.0,-0.20060616731643677,-0.17966045439243317,0.0,0.033707886934280396,0.749747097492218,0.8064960837364197,0.0,0.0,0.0,0.0,0.0209457129240036,0.033707886934280396,0.0,0.0
rh,1.0,1.0,-0.5187363624572754,-0.5396240949630737,0.0,0.0,1.0,1.0295180082321167,0.0,0.0,0.0,0.0,0.02088773250579834,0.0,0.0,0.0
fyj2,1.0,1.0,-0.20110617578029633,-0.18056221306324005,0.0,0.030985873192548752,0.7518424987792969,0.8088343143463135,0.0,0.0,0.0,0.0,0.020543962717056274,0.030985873192548752,0.0,0.0
2fyj1,1.0,1.0,-0.2090611606836319,-0.18867455422878265,0.0,-0.01101922057569027,0.7373592257499695,0.7949362397193909,0.0,0.0,0.0,0.0,0.020386606454849243,0.01101922057569027,0.0,0.0
fyj1,1.0,1.0,-0.20899483561515808,-0.18893161416053772,0.0,-0.01101922057569027,0.7373591065406799,0.7949554324150085,0.0,0.0,0.0,0.0,0.02006322145462036,0.01101922057569027,0.0,0.0
zhx,1.0,1.0,0.012644815258681774,-0.0038167370948940516,0.0,0.08605076372623444,0.6040796637535095,0.5692164301872253,0.0,0.0,0.0,0.0,0.016461552353575826,0.08605076372623444,0.0,0.0
fzg1,1.0,1.0,-0.5153490304946899,-0.5283572673797607,0.0,0.30015555024147034,1.628270149230957,2.226984977722168,0.14484763784227936,0.1593204397154782,0.00903146968558406,0.08796660984069132,0.0130082368850708,0.30015555024147034,0.014472801873198854,0.07893514015510726
phj,1.0,1.0,0.13633522391319275,0.1256953626871109,0.0,-0.009456614963710308,2.4489235877990723,2.3185675144195557,0.19013139875413473,0.17144200811239785,0.11396787718324894,0.09965316559873023,0.010639861226081848,0.009456614963710308,-0.018689390641736886,-0.014314711584518705
xjsl,1.0,1.0,-0.002643146086484194,0.0064598023891448975,0.0,0.0039525688625872135,1.9066853523254395,1.5937280654907227,0.08086887513958045,0.05258950091117512,0.03523396843901651,0.023937452236787962,0.009102948475629091,0.0039525688625872135,-0.028279374228405332,-0.011296516202228546
2fzg1,1.0,1.0,-0.5172138214111328,-0.509600818157196,0.0,0.30015555024147034,1.628602385520935,2.198838949203491,0.14484061492650518,0.1560049379813062,0.00903146968558406,0.08488625007348187,0.007613003253936768,0.30015555024147034,0.011164323054801029,0.07585478038789781
pws,1.0,1.0,0.00426899641752243,9.362551645608619e-05,0.0,0.0,1.0,0.01576434262096882,2.809166309668448e-05,0.0,2.809166309668448e-05,0.0,0.004175370901066344,0.0,-2.809166309668448e-05,-2.809166309668448e-05
hpr,1.0,1.0,-0.059601277112960815,-0.05821065232157707,0.0,0.0,3.042253255844116,3.105942487716675,0.20411402406050944,0.2017047792604785,0.12660912557675696,0.1348891893480689,0.0013906247913837433,0.0,-0.0024092448000309352,0.008280063771311935
ns2,1.0,1.0,0.0,0.000623126223217696,0.0,0.0,0.0,0.07689884305000305,0.0,5.878549174063841e-05,0.0,5.878549174063841e-05,0.000623126223217696,0.0,5.878549174063841e-05,5.878549174063841e-05
fyj4,1.0,1.0,-0.215695321559906,-0.2161799669265747,0.0,-0.01152731105685234,0.7717429995536804,0.8319570422172546,0.0,0.0,0.0,0.0,0.00048464536666870117,0.01152731105685234,0.0,0.0
jd,1.0,1.0,0.344989150762558,0.3451681435108185,0.0,0.5661929845809937,1.6468408107757568,3.9024059772491455,0.002682753825733368,0.019787196519898888,0.002682753825733368,0.019787196519898888,0.00017899274826049805,0.5661929845809937,0.01710444269416552,0.01710444269416552
2fyj4,1.0,1.0,-0.21580897271633148,-0.2157636284828186,0.0,-0.008645511232316494,0.7717649340629578,0.8320176601409912,0.0,0.0,0.0,0.0,4.534423351287842e-05,0.008645511232316494,0.0,0.0
2zpyd,1.0,1.0,0.0,0.0,0.0,0.0,0.0,0.0,0.0,0.0,0.0,0.0,0.0,0.0,0.0,0.0
zpyd,1.0,1.0,0.0,0.0,0.0,0.0,0.0,0.0,0.0,0.0,0.0,0.0,0.0,0.0,0.0,0.0
